id,first_name,last_name,email,gender,ip_address
1,Alanson,Casolla,acasolla0@meetup.com,Male,139.36.83.117
2,Pauli,Horsley,phorsley1@icq.com,Female,234.92.218.103
3,Elva,Challin,echallin2@facebook.com,Female,34.109.231.196
4,Jimmy,Jerrome,jjerrome3@rakuten.co.jp,Male,37.24.66.209
5,Boothe,McGreal,bmcgreal4@hud.gov,Male,234.92.206.73
6,Abby,Ellen,aellen5@myspace.com,Male,76.151.10.47
7,Hilliary,Prahl,hprahl6@wired.com,Female,160.185.212.194
8,Bobbette,O' Connell,boconnell7@edublogs.org,Female,16.45.20.227
9,Rosemary,Mattecot,rmattecot8@google.co.jp,Female,56.188.1.173
10,Freeman,Hearn,fhearn9@imgur.com,Male,187.92.211.130
11,Tedmund,Stoyles,tstoylesa@scribd.com,Male,168.104.224.59
12,Janine,McAless,jmcalessb@example.com,Female,123.235.159.255
13,Carolynn,Wallis,cwallisc@prlog.org,Female,61.140.255.76
14,Zacharia,Lightbourne,zlightbourned@hc360.com,Male,12.110.225.90
15,Herb,Schuricke,hschurickee@hud.gov,Male,239.247.108.253
16,Rick,Chrystal,rchrystalf@fotki.com,Male,233.96.138.69
17,Harrietta,Burdass,hburdassg@paginegialle.it,Female,103.81.51.179
18,Rebecka,Amos,ramosh@go.com,Female,138.78.100.245
19,Faulkner,Kumar,fkumari@ning.com,Male,33.240.93.178
20,Edgar,Boyse,eboysej@wsj.com,Male,229.141.132.80
21,Dorris,Hourahan,dhourahank@ycombinator.com,Female,38.251.11.204
22,Cherice,Tregido,ctregidol@cnn.com,Female,30.75.59.107
23,Riannon,Izatson,rizatsonm@dot.gov,Female,7.233.35.244
24,Nickolaus,Wagge,nwaggen@hc360.com,Male,185.81.122.138
25,Norbert,Aveling,navelingo@comsenz.com,Male,53.191.250.145
26,Paola,Boult,pboultp@cyberchimps.com,Female,199.211.27.185
27,Danie,Manson,dmansonq@usnews.com,Male,209.109.60.201
28,Kellyann,Hannigane,khanniganer@illinois.edu,Female,188.22.2.104
29,Averill,Farthin,afarthins@hostgator.com,Male,170.214.251.224
30,Solly,Jacmar,sjacmart@usda.gov,Male,194.196.199.178
31,Lucilia,Audus,laudusu@samsung.com,Female,127.74.219.126
32,Madlen,Wagstaff,mwagstaffv@slashdot.org,Female,77.48.128.206
33,Tabbitha,Laden,tladenw@answers.com,Female,106.182.74.187
34,Edith,Robertis,erobertisx@purevolume.com,Female,213.89.7.70
35,Inna,Mottershead,imottersheady@feedburner.com,Female,217.237.241.122
36,Gregor,Willbond,gwillbondz@ibm.com,Male,227.21.184.7
37,Rheba,Linning,rlinning10@devhub.com,Female,247.197.33.58
38,Edgard,Carlyon,ecarlyon11@engadget.com,Male,197.155.41.219
39,Crista,Lailey,clailey12@sphinn.com,Female,237.115.86.215
40,Smith,Bartholat,sbartholat13@4shared.com,Male,73.199.48.115
41,Maureen,Lehrian,mlehrian14@arstechnica.com,Female,123.184.33.192
42,Jacklyn,Saddington,jsaddington15@buzzfeed.com,Female,168.208.143.39
43,Ulrich,Ferby,uferby16@marriott.com,Male,81.238.73.6
44,Mikkel,Ellery,mellery17@scientificamerican.com,Male,15.12.222.65
45,Ebenezer,Rollinshaw,erollinshaw18@nifty.com,Male,47.140.250.27
46,Kim,Huriche,khuriche19@about.com,Male,128.94.205.67
47,Lisbeth,Anger,langer1a@a8.net,Female,92.77.160.188
48,Kata,Cheson,kcheson1b@mashable.com,Female,167.78.172.175
49,Mel,Stavers,mstavers1c@google.pl,Female,160.66.214.195
50,Gennie,Waterhous,gwaterhous1d@vk.com,Female,140.50.69.79
51,Der,Kuhn,dkuhn1e@bigcartel.com,Male,132.16.91.232
52,Noel,Ceely,nceely1f@blogger.com,Male,14.92.170.207
53,Stephenie,Westcot,swestcot1g@technorati.com,Female,46.116.32.157
54,Demetris,Luthwood,dluthwood1h@theglobeandmail.com,Male,200.201.253.226
55,Cindelyn,Lindstedt,clindstedt1i@redcross.org,Female,247.128.17.53
56,Wadsworth,Bougen,wbougen1j@hc360.com,Male,68.131.128.28
57,Ashbey,Buxsy,abuxsy1k@webmd.com,Male,164.232.138.67
58,Cele,Zuanazzi,czuanazzi1l@cmu.edu,Female,94.223.100.96
59,Che,Rowet,crowet1m@ning.com,Male,155.29.24.73
60,Myles,Urlich,murlich1n@w3.org,Male,98.37.27.212
61,Kissiah,Georgeau,kgeorgeau1o@ucsd.edu,Female,101.239.182.69
62,Blanch,Cousen,bcousen1p@ovh.net,Female,66.56.107.238
63,Horst,Olivie,holivie1q@wikipedia.org,Male,165.182.1.70
64,Joleen,Gavan,jgavan1r@instagram.com,Female,63.196.158.26
65,Raf,Agar,ragar1s@ifeng.com,Female,241.139.48.195
66,Garner,Bowie,gbowie1t@elegantthemes.com,Male,80.140.29.204
67,Jeremias,Spillane,jspillane1u@examiner.com,Male,180.219.36.57
68,Masha,Chaperling,mchaperling1v@furl.net,Female,165.250.208.235
69,Barnie,Matousek,bmatousek1w@time.com,Male,84.21.113.254
70,Seumas,Yakovliv,syakovliv1x@1688.com,Male,232.253.66.130
71,Rockwell,Auguste,rauguste1y@booking.com,Male,16.152.0.210
72,Caz,Howitt,chowitt1z@dyndns.org,Male,164.45.191.252
73,Danna,Scane,dscane20@thetimes.co.uk,Female,103.129.141.89
74,Christoper,Gomme,cgomme21@joomla.org,Male,215.182.167.198
75,Ellene,Stretton,estretton22@boston.com,Female,20.133.16.218
76,Lemmie,Dunsleve,ldunsleve23@wordpress.org,Male,144.40.113.67
77,Oberon,Bowring,obowring24@cam.ac.uk,Male,49.240.128.25
78,Netti,Plomer,nplomer25@yelp.com,Female,95.136.232.166
79,Algernon,Carlson,acarlson26@multiply.com,Male,3.119.167.123
80,Jessee,Spier,jspier27@people.com.cn,Male,75.1.175.111
81,Verile,Szymanowicz,vszymanowicz28@lycos.com,Female,236.195.13.183
82,Leanna,Yosifov,lyosifov29@goodreads.com,Female,32.140.106.161
83,Vittorio,Murdie,vmurdie2a@dyndns.org,Male,235.210.11.16
84,Crin,Balthasar,cbalthasar2b@tmall.com,Female,202.119.214.112
85,Kellby,Kinworthy,kkinworthy2c@samsung.com,Male,18.47.85.226
86,Ariadne,Denyukin,adenyukin2d@wsj.com,Female,86.153.32.83
87,Tucker,Foley,tfoley2e@cam.ac.uk,Male,121.5.72.1
88,Rik,Hunnawill,rhunnawill2f@nih.gov,Male,117.140.5.30
89,Kenneth,Covell,kcovell2g@privacy.gov.au,Male,214.172.234.217
90,Clay,Disman,cdisman2h@php.net,Male,232.159.125.253
91,Georg,Djokovic,gdjokovic2i@nationalgeographic.com,Male,179.46.226.33
92,Janenna,Overshott,jovershott2j@nydailynews.com,Female,8.17.235.192
93,Gabi,Carreck,gcarreck2k@archive.org,Male,174.184.82.226
94,Betsey,Meeland,bmeeland2l@alexa.com,Female,238.42.90.97
95,Gwyneth,Streat,gstreat2m@berkeley.edu,Female,214.110.81.45
96,Karrie,Craiker,kcraiker2n@craigslist.org,Female,3.247.255.31
97,Wenona,Haug,whaug2o@163.com,Female,182.83.122.208
98,Tori,Barok,tbarok2p@networksolutions.com,Female,6.252.70.222
99,Kevan,Fasse,kfasse2q@msn.com,Male,11.221.72.122
100,Dulcine,Paulig,dpaulig2r@cargocollective.com,Female,234.12.230.201
101,Germaine,Trevear,gtrevear2s@vimeo.com,Male,136.61.29.202
102,Urbanus,Oles,uoles2t@networksolutions.com,Male,243.198.102.218
103,Randee,Jane,rjane2u@unesco.org,Female,114.208.82.47
104,Charlie,Insley,cinsley2v@acquirethisname.com,Male,183.187.7.55
105,Jeannie,Avrahamy,javrahamy2w@wp.com,Female,70.174.234.226
106,Cole,Hammel,chammel2x@hud.gov,Male,148.109.31.130
107,Lea,Shirland,lshirland2y@admin.ch,Female,34.87.0.236
108,Jami,Reburn,jreburn2z@skyrock.com,Female,102.126.68.61
109,Truman,Margrett,tmargrett30@ucla.edu,Male,142.157.241.213
110,Jamie,Barbour,jbarbour31@washington.edu,Male,119.228.133.242
111,Vera,Arlidge,varlidge32@creativecommons.org,Female,246.39.112.57
112,Simon,Kauscher,skauscher33@google.com.br,Male,91.255.221.94
113,Nichol,Aphale,naphale34@infoseek.co.jp,Female,135.230.167.59
114,Jareb,Pavlasek,jpavlasek35@tinypic.com,Male,145.62.175.165
115,Sergent,Dumblton,sdumblton36@reddit.com,Male,222.113.35.224
116,Harlin,Moreing,hmoreing37@ft.com,Male,232.214.222.161
117,Arielle,Cellone,acellone38@timesonline.co.uk,Female,91.43.219.110
118,Marietta,Credland,mcredland39@google.fr,Male,239.110.131.179
119,Zuzana,Stallibrass,zstallibrass3a@wunderground.com,Female,57.150.145.73
120,Coralyn,Cunney,ccunney3b@oracle.com,Female,245.98.187.192
121,Frederigo,Tideswell,ftideswell3c@amazon.com,Male,199.203.165.196
122,Eddi,Howe,ehowe3d@example.com,Female,164.99.165.98
123,Alric,Roizin,aroizin3e@360.cn,Male,236.68.40.228
124,Sarah,Lehon,slehon3f@biglobe.ne.jp,Female,172.42.189.5
125,Tedman,Marchent,tmarchent3g@craigslist.org,Male,59.201.50.248
126,Jaimie,McHan,jmchan3h@163.com,Male,81.199.141.139
127,Brnaby,Calwell,bcalwell3i@google.ca,Male,93.153.191.15
128,Kenny,Dayborne,kdayborne3j@typepad.com,Male,9.63.12.181
129,Christina,Gammie,cgammie3k@microsoft.com,Female,65.225.175.237
130,Matty,Ive,mive3l@technorati.com,Female,56.77.22.65
131,Blisse,McCaffery,bmccaffery3m@canalblog.com,Female,6.212.230.154
132,Mathe,Wilkie,mwilkie3n@addthis.com,Male,203.184.96.127
133,Mira,Ruller,mruller3o@privacy.gov.au,Female,85.229.20.49
134,Esme,Valder,evalder3p@senate.gov,Female,94.54.211.164
135,Linoel,Pitsall,lpitsall3q@reverbnation.com,Male,51.186.9.175
136,Louis,How to preserve,lhowtopreserve3r@networksolutions.com,Male,97.15.171.77
137,Darius,Macilhench,dmacilhench3s@ustream.tv,Male,246.113.220.12
138,Marcellus,Casemore,mcasemore3t@godaddy.com,Male,95.243.242.187
139,Theodosia,Creffield,tcreffield3u@tinyurl.com,Female,141.117.107.234
140,Sybil,Townson,stownson3v@indiatimes.com,Female,122.71.4.158
141,Kendre,Buttery,kbuttery3w@miitbeian.gov.cn,Female,26.73.96.217
142,Darryl,McGilben,dmcgilben3x@furl.net,Female,137.132.152.55
143,Tish,Absolem,tabsolem3y@bbb.org,Female,3.47.100.69
144,Odo,Sor,osor3z@liveinternet.ru,Male,145.69.52.55
145,Georgianne,Knibb,gknibb40@theatlantic.com,Female,58.146.215.253
146,Pietra,Broadbridge,pbroadbridge41@shinystat.com,Female,235.167.241.204
147,Verne,Pineaux,vpineaux42@zimbio.com,Male,109.101.118.166
148,Dina,Acres,dacres43@gmpg.org,Female,90.69.17.159
149,Stesha,Ramble,sramble44@ebay.com,Female,84.9.164.60
150,Ozzie,Andreu,oandreu45@storify.com,Male,121.72.19.38
151,Sully,O'Scanlan,soscanlan46@irs.gov,Male,80.161.229.183
152,Camey,Wootton,cwootton47@senate.gov,Male,146.90.53.119
153,Gene,Fairs,gfairs48@storify.com,Female,104.70.167.82
154,Chevalier,Cleatherow,ccleatherow49@nymag.com,Male,12.37.227.117
155,Valera,Timpany,vtimpany4a@loc.gov,Female,89.186.9.10
156,Christoforo,Tesdale,ctesdale4b@360.cn,Male,58.67.165.209
157,Hakeem,Kelwaybamber,hkelwaybamber4c@4shared.com,Male,187.109.194.99
158,Mahala,Zealey,mzealey4d@google.cn,Female,226.212.172.202
159,Rutherford,Farrer,rfarrer4e@google.com.au,Male,185.131.114.197
160,Bert,Firk,bfirk4f@mapquest.com,Female,120.197.21.228
161,Wini,Espino,wespino4g@dailymotion.com,Female,150.227.6.129
162,Swen,Wason,swason4h@wsj.com,Male,105.129.185.147
163,Rebeca,Edds,redds4i@trellian.com,Female,86.116.95.87
164,Emili,Grimsey,egrimsey4j@hp.com,Female,124.218.216.211
165,Briana,Silcox,bsilcox4k@ed.gov,Female,202.188.99.209
166,Stefa,Franscioni,sfranscioni4l@amazonaws.com,Female,93.182.243.205
167,Joyce,Chart,jchart4m@reuters.com,Female,201.164.80.157
168,Melania,Tomczykowski,mtomczykowski4n@tumblr.com,Female,10.214.234.86
169,Aaren,Doole,adoole4o@github.com,Female,74.196.202.168
170,Chan,McAteer,cmcateer4p@fema.gov,Male,198.141.166.78
171,Diane,Pogue,dpogue4q@ifeng.com,Female,6.93.249.225
172,Celine,McJerrow,cmcjerrow4r@jalbum.net,Female,155.65.224.89
173,Elane,Easun,eeasun4s@comsenz.com,Female,18.209.4.4
174,Doreen,Dommett,ddommett4t@globo.com,Female,200.105.6.254
175,Delmor,Stidworthy,dstidworthy4u@com.com,Male,113.53.166.134
176,Hillie,Manford,hmanford4v@de.vu,Male,155.68.42.130
177,Allsun,Beglin,abeglin4w@washingtonpost.com,Female,236.227.221.196
178,Reidar,McCaughey,rmccaughey4x@disqus.com,Male,134.46.191.135
179,Hynda,Moncrieffe,hmoncrieffe4y@themeforest.net,Female,135.239.169.75
180,Alana,Maxweell,amaxweell4z@symantec.com,Female,12.172.232.8
181,Jaime,Domico,jdomico50@biblegateway.com,Female,203.101.233.130
182,Brande,Pavlenko,bpavlenko51@ft.com,Female,26.187.104.15
183,Fawne,Middleweek,fmiddleweek52@tripadvisor.com,Female,187.191.220.83
184,Oswell,Guise,oguise53@disqus.com,Male,198.231.154.92
185,Toinette,Hackin,thackin54@wikispaces.com,Female,92.82.95.208
186,Nerti,Rowling,nrowling55@booking.com,Female,25.19.151.29
187,Ferguson,Redman,fredman56@ted.com,Male,37.139.253.211
188,Percival,Lowdiane,plowdiane57@dropbox.com,Male,133.249.177.19
189,Evyn,Di Matteo,edimatteo58@tripadvisor.com,Male,79.200.129.4
190,Joletta,Fronczak,jfronczak59@joomla.org,Female,235.8.206.121
191,Andris,Cowx,acowx5a@dropbox.com,Male,164.176.83.74
192,Kylen,Harby,kharby5b@nih.gov,Female,120.102.56.131
193,Dannie,Alexandrou,dalexandrou5c@dion.ne.jp,Male,18.138.187.21
194,Reggis,Grabiec,rgrabiec5d@google.com.br,Male,56.0.146.159
195,Crissie,Rosenfelder,crosenfelder5e@livejournal.com,Female,136.73.33.31
196,Bryn,Edwardes,bedwardes5f@feedburner.com,Female,100.39.130.4
197,Fulvia,Miere,fmiere5g@wiley.com,Female,45.217.180.135
198,Lizbeth,Gley,lgley5h@ezinearticles.com,Female,95.192.158.60
199,Elayne,Deveraux,edeveraux5i@51.la,Female,169.2.60.40
200,Trev,Warre,twarre5j@google.fr,Male,201.75.199.50
201,Roberta,Twidale,rtwidale5k@4shared.com,Female,70.89.76.83
202,Moyna,Cossans,mcossans5l@freewebs.com,Female,71.165.124.138
203,Codi,Hayle,chayle5m@ifeng.com,Male,205.43.234.255
204,Laughton,Anderl,landerl5n@gizmodo.com,Male,151.63.192.236
205,Sasha,Terne,sterne5o@huffingtonpost.com,Female,209.39.205.73
206,Dareen,Digges,ddigges5p@shutterfly.com,Female,212.220.19.101
207,Hernando,Birkhead,hbirkhead5q@github.io,Male,138.128.110.174
208,Rebekah,Gilloran,rgilloran5r@kickstarter.com,Female,243.185.144.253
209,Thornton,Shoulder,tshoulder5s@opensource.org,Male,205.180.248.0
210,Anneliese,O'Hearn,aohearn5t@vinaora.com,Female,141.78.165.231
211,Tamar,Ward,tward5u@nytimes.com,Female,140.32.198.9
212,Libbey,Howieson,lhowieson5v@irs.gov,Female,61.90.203.34
213,Torin,Pheazey,tpheazey5w@reference.com,Male,209.17.35.63
214,Dottie,Eburne,deburne5x@mlb.com,Female,114.22.201.223
215,Constantine,Kaszper,ckaszper5y@jimdo.com,Female,231.179.145.238
216,Agustin,Swanwick,aswanwick5z@forbes.com,Male,149.130.30.64
217,Henri,Hasnip,hhasnip60@baidu.com,Male,253.165.191.101
218,Palmer,Heald,pheald61@hubpages.com,Male,150.232.60.251
219,Lucian,McMurraya,lmcmurraya62@toplist.cz,Male,38.179.241.134
220,Rhiamon,Give,rgive63@eventbrite.com,Female,153.142.6.13
221,Kym,Moro,kmoro64@auda.org.au,Female,133.3.219.41
222,Pauletta,McMillam,pmcmillam65@eepurl.com,Female,134.7.93.180
223,Tamas,Mallinder,tmallinder66@ezinearticles.com,Male,109.105.160.66
224,Morgen,Messenger,mmessenger67@nps.gov,Male,25.126.20.186
225,Mitzi,Inns,minns68@networkadvertising.org,Female,104.114.250.126
226,Fey,Buttler,fbuttler69@hubpages.com,Female,49.92.182.145
227,Minerva,Rispin,mrispin6a@illinois.edu,Female,240.87.7.32
228,Gaby,Mordanti,gmordanti6b@1und1.de,Male,10.213.82.139
229,Dawn,Grishechkin,dgrishechkin6c@hao123.com,Female,182.46.83.214
230,Susan,Moorfield,smoorfield6d@hc360.com,Female,225.234.71.190
231,Mab,Dorr,mdorr6e@wikipedia.org,Female,210.148.33.79
232,Cazzie,McCrackan,cmccrackan6f@whitehouse.gov,Male,255.68.48.206
233,Willard,D'eathe,wdeathe6g@prlog.org,Male,27.226.192.29
234,Florentia,Rame,frame6h@sakura.ne.jp,Female,129.239.6.189
235,Fabio,Gwynne,fgwynne6i@vkontakte.ru,Male,251.202.45.46
236,Chris,Jaggi,cjaggi6j@dell.com,Male,231.184.50.66
237,Hashim,Calderon,hcalderon6k@skype.com,Male,213.158.167.102
238,Frederic,Tweedy,ftweedy6l@berkeley.edu,Male,235.35.76.74
239,Cherri,Gurden,cgurden6m@ucsd.edu,Female,164.160.36.203
240,Barton,Postlewhite,bpostlewhite6n@europa.eu,Male,94.55.210.79
241,Jonie,Yeates,jyeates6o@printfriendly.com,Female,194.153.201.13
242,Berkly,Smallpeace,bsmallpeace6p@chron.com,Male,78.81.110.201
243,Calla,Bulloch,cbulloch6q@independent.co.uk,Female,216.47.80.75
244,Wenonah,Villar,wvillar6r@columbia.edu,Female,110.234.107.183
245,Gottfried,Andreone,gandreone6s@unicef.org,Male,254.202.111.121
246,Starr,Bert,sbert6t@weather.com,Female,6.132.201.78
247,Lay,Wegner,lwegner6u@webeden.co.uk,Male,170.174.116.131
248,Neal,Maynell,nmaynell6v@ebay.co.uk,Male,52.8.97.248
249,Patti,Smalman,psmalman6w@myspace.com,Female,162.200.167.37
250,Corri,Hoyte,choyte6x@foxnews.com,Female,137.25.243.221
251,Florian,Claughton,fclaughton6y@hc360.com,Male,126.90.209.100
252,Averill,Jellard,ajellard6z@msn.com,Male,138.251.175.205
253,Serena,Velde,svelde70@techcrunch.com,Female,14.42.115.113
254,Roderic,Barnshaw,rbarnshaw71@g.co,Male,240.232.197.232
255,Preston,Szapiro,pszapiro72@skyrock.com,Male,232.225.129.231
256,Garret,O' Brian,gobrian73@springer.com,Male,94.94.105.92
257,Maryann,Donahue,mdonahue74@vinaora.com,Female,3.231.140.22
258,Galen,Akroyd,gakroyd75@harvard.edu,Male,245.196.116.89
259,Joleen,Sevin,jsevin76@cbc.ca,Female,218.7.10.221
260,Lissi,Dike,ldike77@smh.com.au,Female,192.166.82.166
261,Robers,Wegenen,rwegenen78@youku.com,Male,149.232.33.50
262,Paddie,Scopes,pscopes79@statcounter.com,Male,176.185.8.13
263,Zack,Stone Fewings,zstonefewings7a@washington.edu,Male,160.1.54.25
264,Anstice,Rosengart,arosengart7b@independent.co.uk,Female,236.51.184.57
265,Flo,Oldfield-Cherry,foldfieldcherry7c@europa.eu,Female,21.168.221.193
266,Willem,Leydon,wleydon7d@gmpg.org,Male,132.69.244.227
267,Candice,Rodolphe,crodolphe7e@geocities.jp,Female,37.94.158.125
268,Tilda,Reece,treece7f@4shared.com,Female,63.199.215.250
269,Odie,Doerling,odoerling7g@weebly.com,Male,187.190.179.233
270,Hubey,Darlow,hdarlow7h@foxnews.com,Male,201.95.27.111
271,Marcille,Sandiland,msandiland7i@yahoo.com,Female,5.233.104.152
272,Fran,Leal,fleal7j@ibm.com,Female,177.1.235.60
273,Katrina,Need,kneed7k@umich.edu,Female,214.180.77.112
274,Murdoch,Mumbray,mmumbray7l@fotki.com,Male,219.150.188.11
275,Paul,Floodgate,pfloodgate7m@sfgate.com,Male,197.118.39.52
276,Amy,Sitwell,asitwell7n@instagram.com,Female,237.217.72.23
277,Lorenza,Burne,lburne7o@tamu.edu,Female,64.169.21.67
278,Cassie,Trevenu,ctrevenu7p@yellowbook.com,Female,20.99.183.86
279,Tessy,McGurgan,tmcgurgan7q@blogs.com,Female,236.32.22.142
280,Ardyce,Gillimgham,agillimgham7r@ehow.com,Female,214.197.17.133
281,Alfons,Decourcy,adecourcy7s@4shared.com,Male,86.198.60.143
282,Caressa,Clulee,cclulee7t@pagesperso-orange.fr,Female,251.112.212.69
283,Velvet,Doucette,vdoucette7u@mozilla.com,Female,37.119.101.121
284,Linn,Baribal,lbaribal7v@dagondesign.com,Male,62.44.7.242
285,Marlie,Luca,mluca7w@reddit.com,Female,58.24.155.147
286,Ruddie,McElvogue,rmcelvogue7x@disqus.com,Male,6.212.231.188
287,Creighton,Malthouse,cmalthouse7y@istockphoto.com,Male,194.220.185.212
288,Philippine,Apps,papps7z@go.com,Female,160.61.107.144
289,Timotheus,Mapstone,tmapstone80@youtu.be,Male,161.187.71.249
290,Payton,Gerrie,pgerrie81@independent.co.uk,Male,35.234.29.233
291,Madelaine,Dyte,mdyte82@skyrock.com,Female,101.169.207.219
292,Leanor,Meneo,lmeneo83@youtube.com,Female,242.182.134.202
293,Leia,Woolpert,lwoolpert84@mozilla.org,Female,212.49.135.132
294,Baron,Bagnal,bbagnal85@google.de,Male,199.64.105.221
295,Fifine,Kauscher,fkauscher86@dell.com,Female,47.245.109.236
296,Blythe,Gasson,bgasson87@prweb.com,Female,112.129.20.70
297,Murray,Hagergham,mhagergham88@bravesites.com,Male,165.213.184.224
298,Alyosha,Drummond,adrummond89@blogger.com,Male,180.35.152.95
299,Salomi,Goodfellow,sgoodfellow8a@acquirethisname.com,Female,210.94.249.174
300,James,Breawood,jbreawood8b@topsy.com,Male,20.206.174.107
301,Ardeen,Cammock,acammock8c@pen.io,Female,140.37.86.102
302,Adelind,Whitby,awhitby8d@xrea.com,Female,39.153.144.145
303,Kimbra,Rastrick,krastrick8e@biglobe.ne.jp,Female,234.197.249.104
304,Giraldo,Lackham,glackham8f@seattletimes.com,Male,16.253.61.185
305,Harri,Brouncker,hbrouncker8g@elpais.com,Female,184.122.197.41
306,Pooh,Riddle,priddle8h@parallels.com,Male,213.5.74.101
307,Aldin,Fazan,afazan8i@omniture.com,Male,150.105.234.223
308,Chadd,Kluger,ckluger8j@hhs.gov,Male,175.206.132.14
309,Napoleon,Rizzone,nrizzone8k@jigsy.com,Male,209.121.99.136
310,Wallas,Choupin,wchoupin8l@bloglines.com,Male,158.66.16.220
311,Richy,Melross,rmelross8m@admin.ch,Male,156.157.198.5
312,Nobe,Botcherby,nbotcherby8n@netscape.com,Male,106.36.240.229
313,Haskel,Child,hchild8o@hp.com,Male,219.73.94.49
314,Moyna,Carillo,mcarillo8p@example.com,Female,70.143.51.124
315,Annalise,Dean,adean8q@printfriendly.com,Female,128.195.228.185
316,Chico,Bassick,cbassick8r@abc.net.au,Male,194.85.177.58
317,Nappie,Lindeman,nlindeman8s@dailymotion.com,Male,22.61.235.124
318,Gillian,Hairsnape,ghairsnape8t@sphinn.com,Female,9.92.79.94
319,Gordy,Chadwyck,gchadwyck8u@archive.org,Male,253.200.217.64
320,Solomon,Hurtado,shurtado8v@hubpages.com,Male,238.176.238.29
321,Davy,Manchester,dmanchester8w@newsvine.com,Male,217.53.6.134
322,Simeon,Gerg,sgerg8x@foxnews.com,Male,150.207.230.51
323,Bruis,Godehard.sf,bgodehardsf8y@yellowpages.com,Male,215.199.130.135
324,Lothario,Camps,lcamps8z@pen.io,Male,76.73.48.59
325,Lavinie,Redgrove,lredgrove90@simplemachines.org,Female,207.147.189.158
326,Pammy,Gumby,pgumby91@ucsd.edu,Female,110.119.112.112
327,Aggi,Harbage,aharbage92@blinklist.com,Female,134.145.203.0
328,Mick,Beedon,mbeedon93@skyrock.com,Male,201.92.155.95
329,Allx,Le Houx,alehoux94@com.com,Female,251.61.96.111
330,Jeramey,Haldene,jhaldene95@example.com,Male,232.127.249.97
331,Waneta,Pirrie,wpirrie96@yellowbook.com,Female,240.184.44.213
332,Branden,Gregersen,bgregersen97@buzzfeed.com,Male,133.233.177.150
333,Westleigh,Assiter,wassiter98@posterous.com,Male,12.220.133.132
334,Gery,Epton,gepton99@mozilla.org,Male,128.136.167.143
335,Alisa,Quirk,aquirk9a@usa.gov,Female,167.72.116.188
336,Mariele,Geffinger,mgeffinger9b@usa.gov,Female,41.168.21.67
337,Ashlee,Gazzard,agazzard9c@ask.com,Female,107.68.212.166
338,Zenia,Chipperfield,zchipperfield9d@cpanel.net,Female,133.1.84.254
339,Koralle,Halligan,khalligan9e@wunderground.com,Female,241.241.52.140
340,Zed,Shipton,zshipton9f@scribd.com,Male,111.5.44.148
341,Marsha,Bone,mbone9g@blogs.com,Female,115.148.213.7
342,Daffi,Fishlock,dfishlock9h@bizjournals.com,Female,155.187.32.154
343,Priscilla,Norledge,pnorledge9i@barnesandnoble.com,Female,12.103.244.104
344,Jaquenette,Malenoir,jmalenoir9j@seattletimes.com,Female,243.192.35.31
345,Clare,Sherlaw,csherlaw9k@eventbrite.com,Female,45.178.40.131
346,Adi,Evenett,aevenett9l@sogou.com,Female,119.220.117.105
347,Bernard,Dullard,bdullard9m@imgur.com,Male,112.240.64.132
348,Linette,Whorlton,lwhorlton9n@weibo.com,Female,36.179.84.230
349,Tymon,Sommerled,tsommerled9o@ihg.com,Male,163.65.217.55
350,Rufus,Thurlbourne,rthurlbourne9p@webs.com,Male,71.229.78.168
351,Zeke,Bromehead,zbromehead9q@mlb.com,Male,167.29.171.192
352,Jobyna,Andrat,jandrat9r@guardian.co.uk,Female,250.184.142.207
353,Padriac,Goodbur,pgoodbur9s@auda.org.au,Male,28.237.99.203
354,Gleda,Tetford,gtetford9t@squarespace.com,Female,50.63.80.253
355,Caty,Ucceli,cucceli9u@ox.ac.uk,Female,154.116.75.49
356,Marissa,Simnett,msimnett9v@freewebs.com,Female,132.196.68.63
357,Hyman,Westcott,hwestcott9w@ca.gov,Male,130.110.108.64
358,Paco,Ciardo,pciardo9x@weibo.com,Male,167.198.225.14
359,Pierson,Firminger,pfirminger9y@cafepress.com,Male,135.38.23.124
360,Austina,Thorouggood,athorouggood9z@ebay.co.uk,Female,203.48.227.99
361,Rey,Bebis,rbebisa0@360.cn,Male,30.3.186.144
362,Matty,Ziemsen,mziemsena1@themeforest.net,Female,216.113.62.111
363,Eliot,Antalffy,eantalffya2@amazon.co.uk,Male,239.64.103.121
364,Vernor,Guwer,vguwera3@reuters.com,Male,103.231.36.141
365,Malachi,Corbould,mcorboulda4@bloomberg.com,Male,93.190.7.177
366,Ophelia,Arton,oartona5@sfgate.com,Female,38.93.116.18
367,Israel,Tofano,itofanoa6@dropbox.com,Male,235.166.77.243
368,Marne,Kincaid,mkincaida7@delicious.com,Female,51.160.39.27
369,Erminia,Soles,esolesa8@gov.uk,Female,206.47.188.142
370,Townsend,Victory,tvictorya9@tmall.com,Male,58.209.183.163
371,Trevor,Pantling,tpantlingaa@wikimedia.org,Male,124.34.72.170
372,Catharina,Klulik,cklulikab@cornell.edu,Female,30.8.99.73
373,Jessy,Stenhouse,jstenhouseac@netvibes.com,Female,167.67.125.103
374,Ricki,Trenaman,rtrenamanad@oracle.com,Female,57.131.40.236
375,Lesley,Bleazard,lbleazardae@blog.com,Male,100.11.67.113
376,Dominica,Berrie,dberrieaf@abc.net.au,Female,138.86.165.98
377,Georgette,Celle,gcelleag@tinypic.com,Female,172.55.73.172
378,Anallese,Geely,ageelyah@mozilla.com,Female,127.210.94.64
379,Dael,Sinnocke,dsinnockeai@about.me,Male,143.23.149.1
380,Kirsten,Jacquemot,kjacquemotaj@redcross.org,Female,251.116.95.203
381,Salomi,Echlin,sechlinak@bluehost.com,Female,158.234.118.145
382,Rudolfo,Roselli,rrosellial@amazon.co.jp,Male,181.15.116.55
383,Tedman,Davley,tdavleyam@ibm.com,Male,192.201.252.218
384,Julio,Bushby,jbushbyan@chron.com,Male,88.44.163.53
385,Quinlan,Loughney,qloughneyao@zdnet.com,Male,185.83.108.210
386,Shep,Koubek,skoubekap@google.de,Male,63.244.227.212
387,Dorothee,Pellamonuten,dpellamonutenaq@amazon.co.jp,Female,183.209.240.220
388,Clementine,Ough,coughar@sohu.com,Female,226.202.156.156
389,Nataline,Fleckness,nflecknessas@huffingtonpost.com,Female,200.170.157.165
390,Arnuad,Bahia,abahiaat@usnews.com,Male,92.117.213.8
391,Bern,Becerro,bbecerroau@indiatimes.com,Male,49.16.96.181
392,Erena,Paulillo,epaulilloav@devhub.com,Female,101.132.136.160
393,Cori,Percy,cpercyaw@house.gov,Female,223.28.148.129
394,Henderson,Nobes,hnobesax@netvibes.com,Male,33.160.16.194
395,Salome,Fawcitt,sfawcittay@pen.io,Female,25.116.22.228
396,Lilith,Aspin,laspinaz@jugem.jp,Female,92.253.182.203
397,Leonardo,Brimacombe,lbrimacombeb0@blogger.com,Male,202.133.141.234
398,Carena,Nissle,cnissleb1@issuu.com,Female,154.42.211.97
399,Sheridan,Jirik,sjirikb2@last.fm,Male,147.216.113.20
400,Anjanette,Di Bernardo,adibernardob3@tiny.cc,Female,253.94.79.124
401,Wiley,Henricsson,whenricssonb4@google.co.jp,Male,204.94.145.68
402,Malchy,Greystoke,mgreystokeb5@joomla.org,Male,66.85.232.249
403,Monika,Loker,mlokerb6@bloomberg.com,Female,173.61.231.67
404,Wakefield,Death,wdeathb7@google.es,Male,109.92.194.73
405,Effie,Inde,eindeb8@japanpost.jp,Female,47.166.135.33
406,Rawley,Scruton,rscrutonb9@virginia.edu,Male,39.251.11.198
407,Maryjo,Iacovolo,miacovoloba@tripadvisor.com,Female,143.154.144.27
408,Ebenezer,McPolin,emcpolinbb@acquirethisname.com,Male,43.185.75.203
409,Harbert,Munton,hmuntonbc@hp.com,Male,30.122.103.21
410,Eustace,O'Lyhane,eolyhanebd@gizmodo.com,Male,7.8.136.56
411,Ayn,Mansford,amansfordbe@issuu.com,Female,254.248.99.112
412,Sascha,Mewburn,smewburnbf@a8.net,Male,204.184.128.246
413,Elwood,Lorraine,elorrainebg@wisc.edu,Male,47.193.102.76
414,Alwin,Wernher,awernherbh@unicef.org,Male,243.204.224.105
415,Benjamen,McCoughan,bmccoughanbi@ask.com,Male,60.163.247.41
416,Moritz,Keal,mkealbj@xrea.com,Male,62.107.189.149
417,Engracia,Casone,ecasonebk@mashable.com,Female,227.115.125.197
418,Johnnie,Waber,jwaberbl@360.cn,Male,239.195.159.58
419,Brocky,Bodman,bbodmanbm@google.ca,Male,72.48.214.21
420,Charlie,Aysh,cayshbn@typepad.com,Male,194.238.91.128
421,Patin,Sweatman,psweatmanbo@squarespace.com,Male,175.164.167.42
422,Yehudi,Pringour,ypringourbp@odnoklassniki.ru,Male,57.49.125.66
423,Kristofor,Lowden,klowdenbq@paypal.com,Male,50.163.87.76
424,Danella,Tidmarsh,dtidmarshbr@miibeian.gov.cn,Female,122.245.137.59
425,Gabriello,Coyne,gcoynebs@people.com.cn,Male,58.245.46.4
426,Bobina,Yallop,byallopbt@bing.com,Female,146.10.105.184
427,Olly,Roubottom,oroubottombu@technorati.com,Female,38.191.157.22
428,Janina,Stainson,jstainsonbv@cbslocal.com,Female,223.153.14.203
429,Perl,Mateo,pmateobw@baidu.com,Female,252.160.163.126
430,Janka,Mager,jmagerbx@barnesandnoble.com,Female,33.42.174.115
431,Shermy,Verna,svernaby@google.co.uk,Male,213.245.145.150
432,Sephira,Bugdale,sbugdalebz@studiopress.com,Female,99.231.146.173
433,Joachim,Grigoletti,jgrigolettic0@github.com,Male,52.89.252.45
434,Iorgo,Rubes,irubesc1@cpanel.net,Male,230.69.245.181
435,Brita,Lippitt,blippittc2@naver.com,Female,139.198.210.63
436,Waylin,Crouch,wcrouchc3@epa.gov,Male,1.185.113.245
437,Camey,Trathan,ctrathanc4@cbslocal.com,Male,170.243.4.21
438,Lanae,MacDiarmond,lmacdiarmondc5@acquirethisname.com,Female,6.157.220.69
439,Ancell,Godfree,agodfreec6@unc.edu,Male,219.3.106.14
440,Janna,Hoodlass,jhoodlassc7@cnet.com,Female,220.67.56.102
441,Brenden,Truelove,btruelovec8@usda.gov,Male,179.192.245.59
442,Wes,Divill,wdivillc9@livejournal.com,Male,152.81.128.224
443,Morten,Branton,mbrantonca@bizjournals.com,Male,218.45.73.81
444,Smith,Rumney,srumneycb@purevolume.com,Male,192.152.16.238
445,Brandea,Cristoforo,bcristoforocc@unblog.fr,Female,65.1.8.46
446,Norma,Dorant,ndorantcd@etsy.com,Female,230.243.45.61
447,Laura,Immer,limmerce@yahoo.co.jp,Female,184.41.153.135
448,Adrien,Spalding,aspaldingcf@yellowbook.com,Male,166.93.191.213
449,Cris,Chumley,cchumleycg@nba.com,Male,99.77.60.192
450,Mureil,Kieran,mkieranch@furl.net,Female,124.148.117.9
451,Ambur,Tresler,atreslerci@miibeian.gov.cn,Female,177.185.243.10
452,Toby,Harmar,tharmarcj@odnoklassniki.ru,Male,18.193.45.123
453,Arie,Moodie,amoodieck@nba.com,Male,143.224.14.26
454,Maisie,Goranov,mgoranovcl@fda.gov,Female,74.86.248.209
455,Lincoln,Impey,limpeycm@tinyurl.com,Male,34.71.130.60
456,Tildie,Apedaile,tapedailecn@shutterfly.com,Female,32.186.60.110
457,Tobiah,De Biasio,tdebiasioco@mtv.com,Male,209.22.130.125
458,Sigismund,Butt,sbuttcp@elegantthemes.com,Male,11.255.226.199
459,Dulcy,D'Ruel,ddruelcq@vistaprint.com,Female,234.30.146.93
460,Sinclair,Tunniclisse,stunniclissecr@dropbox.com,Male,0.212.251.51
461,Leigha,Dagless,ldaglesscs@123-reg.co.uk,Female,162.194.152.213
462,Christos,Gillebert,cgillebertct@i2i.jp,Male,64.52.233.189
463,Chuck,Ary,carycu@wsj.com,Male,65.241.237.221
464,Valentino,MacCafferky,vmaccafferkycv@indiegogo.com,Male,81.81.138.84
465,Barron,Stickles,bsticklescw@sitemeter.com,Male,125.73.100.49
466,Salvatore,Vasquez,svasquezcx@apache.org,Male,126.213.211.55
467,Dre,Frotton,dfrottoncy@webs.com,Female,118.98.204.74
468,Aguistin,Denniston,adennistoncz@cpanel.net,Male,94.224.69.86
469,Laverne,Negal,lnegald0@zdnet.com,Female,203.74.107.118
470,Adelice,Wickens,awickensd1@latimes.com,Female,125.20.175.102
471,Spenser,Starte,sstarted2@webs.com,Male,61.148.77.2
472,Quinton,Reed,qreedd3@cnn.com,Male,204.29.211.164
473,Sandor,Bault,sbaultd4@phpbb.com,Male,2.179.244.57
474,Katya,Baldery,kbalderyd5@twitter.com,Female,223.51.97.134
475,Dione,Lerwill,dlerwilld6@prweb.com,Female,61.0.236.67
476,Berky,Goodison,bgoodisond7@sogou.com,Male,213.11.205.45
477,Arnie,Bruno,abrunod8@unc.edu,Male,113.184.44.180
478,Brandie,Corrao,bcorraod9@prweb.com,Female,78.43.42.185
479,Keir,Solomonides,ksolomonidesda@ed.gov,Male,28.251.44.236
480,Mayne,Skipworth,mskipworthdb@angelfire.com,Male,145.96.89.243
481,Lev,Connaughton,lconnaughtondc@house.gov,Male,217.231.159.205
482,Daniela,Grange,dgrangedd@examiner.com,Female,41.64.191.153
483,Laurens,Meneghelli,lmeneghellide@addthis.com,Male,56.63.62.227
484,Chaddie,Portingale,cportingaledf@washingtonpost.com,Male,215.21.28.145
485,Fielding,Linturn,flinturndg@vistaprint.com,Male,156.146.214.59
486,Irwinn,Imlach,iimlachdh@ask.com,Male,102.94.158.145
487,Theressa,Coton,tcotondi@nationalgeographic.com,Female,239.219.159.56
488,Mar,Chanders,mchandersdj@goo.gl,Male,44.92.158.191
489,Happy,Danbye,hdanbyedk@sciencedirect.com,Female,143.198.117.162
490,Karim,Noddle,knoddledl@arstechnica.com,Male,223.195.91.42
491,Violet,Steedman,vsteedmandm@prlog.org,Female,205.3.106.163
492,Forrester,Sanchis,fsanchisdn@clickbank.net,Male,95.45.85.78
493,Dieter,Boatwright,dboatwrightdo@reuters.com,Male,177.79.203.159
494,Dulcinea,MacMakin,dmacmakindp@technorati.com,Female,9.252.15.76
495,Ezekiel,Darrington,edarringtondq@sciencedaily.com,Male,209.50.10.52
496,Elise,Woodcroft,ewoodcroftdr@tumblr.com,Female,134.162.184.203
497,Clotilda,Croxall,ccroxallds@chron.com,Female,247.165.174.98
498,Trenton,Bonsey,tbonseydt@meetup.com,Male,68.221.229.89
499,Stavro,Well,swelldu@hud.gov,Male,26.197.1.119
500,Cristabel,Jurs,cjursdv@goodreads.com,Female,129.33.250.57
501,Ciro,Blofield,cblofielddw@comsenz.com,Male,98.218.17.241
502,Gwennie,Kenforth,gkenforthdx@epa.gov,Female,176.212.240.35
503,Gannon,Garci,ggarcidy@a8.net,Male,141.93.29.205
504,Ivett,de Broke,idebrokedz@github.com,Female,90.4.242.28
505,Kaia,Savine,ksavinee0@unblog.fr,Female,40.117.199.74
506,Gustavus,Gumey,ggumeye1@bizjournals.com,Male,76.24.162.87
507,Gardie,Lenglet,glenglete2@apache.org,Male,163.18.104.127
508,Bambi,Fantin,bfantine3@house.gov,Female,169.206.228.199
509,Izaak,Renfrew,irenfrewe4@trellian.com,Male,166.179.132.29
510,Mason,Tolworthy,mtolworthye5@wisc.edu,Male,5.104.165.191
511,Alexio,Crush,acrushe6@cornell.edu,Male,53.6.199.98
512,Brett,Copins,bcopinse7@so-net.ne.jp,Female,74.152.240.244
513,Clemmy,Boodell,cboodelle8@plala.or.jp,Male,221.147.78.56
514,Bernie,Cobbledick,bcobbledicke9@google.com.hk,Male,44.44.28.233
515,Alistair,Gartenfeld,agartenfeldea@patch.com,Male,249.60.247.29
516,Randy,Cristol,rcristoleb@earthlink.net,Male,243.113.45.109
517,Celeste,Gepp,cgeppec@gmpg.org,Female,62.55.250.181
518,Artie,Shellshear,ashellsheared@is.gd,Male,160.239.92.208
519,Zorah,Laidler,zlaidleree@reverbnation.com,Female,220.57.107.76
520,Marabel,Gauche,mgaucheef@google.ca,Female,189.142.11.250
521,Lydia,Gaytor,lgaytoreg@reverbnation.com,Female,218.42.152.162
522,Jessalyn,Harbinson,jharbinsoneh@go.com,Female,27.25.250.63
523,Sianna,Munt,smuntei@ning.com,Female,95.52.77.187
524,Simone,Ogelbe,sogelbeej@xinhuanet.com,Male,153.198.147.141
525,Diandra,Tytler,dtytlerek@last.fm,Female,115.159.25.57
526,Borg,Mordon,bmordonel@live.com,Male,189.38.228.62
527,Aviva,Gillhespy,agillhespyem@shinystat.com,Female,200.85.171.133
528,Mattie,Thormwell,mthormwellen@t.co,Male,151.164.181.197
529,Jordan,Burriss,jburrisseo@time.com,Male,204.152.61.77
530,Jorry,Collins,jcollinsep@ucsd.edu,Female,1.114.217.72
531,Cordie,Karlolak,ckarlolakeq@exblog.jp,Male,92.228.205.124
532,Godiva,Cowpertwait,gcowpertwaiter@ow.ly,Female,185.119.63.172
533,Purcell,Hirth,phirthes@yellowpages.com,Male,57.26.144.148
534,Wyndham,Merryman,wmerrymanet@sciencedirect.com,Male,140.45.37.132
535,Zenia,Houlden,zhouldeneu@soundcloud.com,Female,133.224.179.59
536,Orin,Lawry,olawryev@earthlink.net,Male,88.183.166.113
537,Cordie,Audenis,caudenisew@bbc.co.uk,Female,53.77.204.97
538,John,Pawnsford,jpawnsfordex@paginegialle.it,Male,78.82.74.159
539,Chrisse,Munby,cmunbyey@nba.com,Male,249.219.232.186
540,Darbie,Turban,dturbanez@g.co,Female,175.251.178.209
541,Ellynn,McFetridge,emcfetridgef0@smugmug.com,Female,124.180.56.44
542,Hurleigh,Gaffney,hgaffneyf1@themeforest.net,Male,245.223.92.194
543,Teriann,Bewshire,tbewshiref2@zimbio.com,Female,87.246.54.124
544,Carlynn,Baroux,cbarouxf3@skyrock.com,Female,187.67.223.90
545,Ric,Bovaird,rbovairdf4@tuttocitta.it,Male,81.58.39.88
546,Dionisio,Shailer,dshailerf5@wordpress.com,Male,156.217.16.135
547,Major,Triggs,mtriggsf6@bigcartel.com,Male,112.48.21.80
548,Justinn,Gartan,jgartanf7@ow.ly,Female,134.102.19.32
549,Ruth,Walton,rwaltonf8@soup.io,Female,125.96.45.253
550,Shamus,Pressnell,spressnellf9@salon.com,Male,60.90.127.1
551,Bertram,Baine,bbainefa@gmpg.org,Male,123.109.165.156
552,Francesca,Lurner,flurnerfb@columbia.edu,Female,206.112.37.11
553,Isabelle,Jantot,ijantotfc@ca.gov,Female,98.39.0.113
554,Bill,Epple,bepplefd@seesaa.net,Male,45.202.55.1
555,Franklyn,Salzburger,fsalzburgerfe@php.net,Male,97.5.39.216
556,Dory,Gadsby,dgadsbyff@wisc.edu,Male,37.200.205.127
557,Shaughn,Coleson,scolesonfg@google.ru,Male,158.46.0.70
558,Farica,Bulcroft,fbulcroftfh@over-blog.com,Female,218.225.81.192
559,Tiffi,Badsworth,tbadsworthfi@yahoo.co.jp,Female,41.243.192.92
560,Paula,Downie,pdowniefj@histats.com,Female,73.87.56.36
561,Gisela,Deeman,gdeemanfk@cnn.com,Female,246.216.37.87
562,Etta,Brecken,ebreckenfl@scientificamerican.com,Female,66.47.15.225
563,Aldric,Brydone,abrydonefm@smugmug.com,Male,107.158.157.86
564,Mariann,Rought,mroughtfn@quantcast.com,Female,71.214.98.178
565,Amargo,Cruse,acrusefo@bluehost.com,Female,51.37.42.255
566,Marshall,Tripcony,mtripconyfp@creativecommons.org,Male,191.212.57.173
567,Junina,Beadnell,jbeadnellfq@harvard.edu,Female,159.110.134.104
568,Jarrett,Winborn,jwinbornfr@redcross.org,Male,147.134.32.252
569,Nels,Maccari,nmaccarifs@list-manage.com,Male,9.169.23.115
570,Nils,Colly,ncollyft@wiley.com,Male,92.198.215.133
571,Chandal,Dumbar,cdumbarfu@ibm.com,Female,143.222.223.44
572,Mellicent,Kalinsky,mkalinskyfv@github.io,Female,185.60.85.50
573,Dianne,Gummer,dgummerfw@dmoz.org,Female,104.103.29.136
574,Clemence,Duley,cduleyfx@ucsd.edu,Female,155.254.54.90
575,Clayborne,Morales,cmoralesfy@newyorker.com,Male,85.47.73.98
576,Beryle,Iremonger,biremongerfz@archive.org,Female,152.224.107.55
577,Kyle,McGown,kmcgowng0@google.com.au,Female,104.100.173.68
578,Rebecka,Sturney,rsturneyg1@usnews.com,Female,113.182.113.2
579,Freemon,Demko,fdemkog2@woothemes.com,Male,102.74.247.202
580,Dare,Strangman,dstrangmang3@dion.ne.jp,Male,143.194.229.203
581,Vivianna,Pyffe,vpyffeg4@un.org,Female,209.143.90.225
582,Cherry,Barley,cbarleyg5@vistaprint.com,Female,64.168.47.163
583,Joan,Cardenosa,jcardenosag6@myspace.com,Female,161.74.49.235
584,Martelle,Rustman,mrustmang7@vimeo.com,Female,90.171.184.210
585,Siobhan,Nehl,snehlg8@microsoft.com,Female,38.30.186.20
586,Molli,Lomath,mlomathg9@redcross.org,Female,227.203.75.206
587,Broddie,Howling,bhowlingga@google.nl,Male,150.93.8.232
588,Sallee,Tille,stillegb@addtoany.com,Female,80.150.12.104
589,Les,Rumsby,lrumsbygc@google.co.jp,Male,185.35.15.44
590,Nickie,Radke,nradkegd@indiegogo.com,Male,73.119.166.251
591,Georgeta,Hauxwell,ghauxwellge@admin.ch,Female,207.20.143.237
592,Helli,Goodin,hgoodingf@slideshare.net,Female,116.95.220.216
593,Bebe,Awdry,bawdrygg@rakuten.co.jp,Female,71.76.160.254
594,Karly,Luscombe,kluscombegh@sitemeter.com,Female,28.70.97.174
595,Lauretta,Rodell,lrodellgi@nymag.com,Female,213.160.217.74
596,Mercie,Stollberg,mstollberggj@blog.com,Female,251.220.64.3
597,Anatole,Curling,acurlinggk@t-online.de,Male,39.220.19.236
598,Evelyn,Leehane,eleehanegl@wikia.com,Female,217.214.228.85
599,Llywellyn,Lowy,llowygm@huffingtonpost.com,Male,125.132.151.33
600,Valentijn,O'Henecan,vohenecangn@bloglovin.com,Male,202.195.249.8
601,Tadeo,Cale,tcalego@mail.ru,Male,27.42.150.206
602,Sophia,Eubank,seubankgp@mashable.com,Female,73.156.59.123
603,Rex,Disbrey,rdisbreygq@census.gov,Male,169.86.17.222
604,Farrah,Espinal,fespinalgr@alibaba.com,Female,213.121.206.136
605,Nell,O'Grogane,nogroganegs@shareasale.com,Female,43.92.202.250
606,Hilda,Bertome,hbertomegt@soundcloud.com,Female,254.10.105.80
607,Sauncho,Bristo,sbristogu@google.co.jp,Male,166.136.17.152
608,Yolane,Bemlott,ybemlottgv@deviantart.com,Female,109.218.105.103
609,Florian,Phillins,fphillinsgw@example.com,Male,127.138.74.240
610,Dalton,Sothern,dsotherngx@chron.com,Male,69.57.165.167
611,Jasmine,Stobbs,jstobbsgy@java.com,Female,99.140.222.224
612,Raquel,Ortmann,rortmanngz@hugedomains.com,Female,99.32.177.101
613,Barde,Guice,bguiceh0@yahoo.com,Male,59.40.167.46
614,Duff,Colleck,dcolleckh1@comsenz.com,Male,252.233.2.145
615,Buddie,Snelman,bsnelmanh2@auda.org.au,Male,255.120.98.205
616,Ingra,Hinksen,ihinksenh3@yale.edu,Male,139.248.90.178
617,Reggie,Quarrell,rquarrellh4@time.com,Male,236.73.90.110
618,Yvonne,Harroll,yharrollh5@t.co,Female,115.47.254.79
619,Ilyssa,Veljes,iveljesh6@etsy.com,Female,102.246.241.116
620,Charmane,Duncanson,cduncansonh7@netscape.com,Female,190.180.200.123
621,Joyce,Raulin,jraulinh8@unesco.org,Female,126.239.183.87
622,Mart,McLukie,mmclukieh9@un.org,Male,93.19.57.227
623,Arin,Palek,apalekha@myspace.com,Male,31.105.77.57
624,Thorndike,Rizzardo,trizzardohb@dion.ne.jp,Male,65.159.144.16
625,Alica,Lofty,aloftyhc@goo.ne.jp,Female,66.0.141.191
626,Brynna,Kerrey,bkerreyhd@topsy.com,Female,105.21.2.50
627,Neille,Suffe,nsuffehe@weebly.com,Female,104.205.240.152
628,Andreas,Alessandrucci,aalessandruccihf@macromedia.com,Male,64.145.135.242
629,Natalya,Febvre,nfebvrehg@youtu.be,Female,231.108.203.224
630,Cathrin,Fannon,cfannonhh@adobe.com,Female,82.31.230.151
631,Ossie,Conniam,oconniamhi@uol.com.br,Male,165.72.220.250
632,Mariele,Meekins,mmeekinshj@sfgate.com,Female,5.74.132.64
633,Inglis,Wimms,iwimmshk@last.fm,Male,144.130.138.128
634,Kerrill,Ellinor,kellinorhl@newsvine.com,Female,9.164.94.95
635,Clary,Koche,ckochehm@taobao.com,Female,184.247.222.169
636,Bonnie,Ziemke,bziemkehn@boston.com,Female,5.87.189.201
637,Candis,Corrin,ccorrinho@mapy.cz,Female,155.31.106.13
638,Steve,Wolseley,swolseleyhp@ca.gov,Male,165.108.163.174
639,Shepherd,Petts,spettshq@abc.net.au,Male,148.33.27.152
640,Garrek,Wynrahame,gwynrahamehr@msn.com,Male,151.134.126.232
641,Deina,Malatalant,dmalatalanths@aol.com,Female,208.176.57.96
642,Evelin,Ruprechter,eruprechterht@boston.com,Male,73.234.175.70
643,Pauly,Sawers,psawershu@statcounter.com,Male,97.168.209.231
644,Dorey,Clemmensen,dclemmensenhv@businesswire.com,Male,101.79.231.155
645,Estell,Grubey,egrubeyhw@cbslocal.com,Female,41.89.86.37
646,Tiler,Chappelow,tchappelowhx@pen.io,Male,60.191.149.21
647,Jervis,Bowley,jbowleyhy@tinypic.com,Male,10.140.37.156
648,Wayland,Gisburn,wgisburnhz@nhs.uk,Male,203.18.253.168
649,Jerome,Orknay,jorknayi0@sciencedirect.com,Male,189.39.8.17
650,Robinett,Sausman,rsausmani1@columbia.edu,Female,54.132.81.36
651,Glory,Sterricks,gsterricksi2@ow.ly,Female,201.101.63.239
652,Shaina,Ausello,sauselloi3@amazon.co.jp,Female,211.16.221.205
653,Happy,Chaffey,hchaffeyi4@google.es,Female,173.131.201.190
654,Klement,Allgood,kallgoodi5@twitter.com,Male,54.26.55.210
655,Mella,Galliford,mgallifordi6@europa.eu,Female,247.125.89.128
656,Chester,Sprakes,csprakesi7@spotify.com,Male,186.65.28.185
657,Marius,Heyburn,mheyburni8@businesswire.com,Male,126.12.123.81
658,Michale,Streets,mstreetsi9@shareasale.com,Male,173.221.234.94
659,Worth,Roderick,wroderickia@icq.com,Male,45.169.99.126
660,Violet,Bayles,vbaylesib@yellowpages.com,Female,198.67.85.187
661,Fredelia,Thalmann,fthalmannic@ask.com,Female,56.218.255.144
662,Jule,Shucksmith,jshucksmithid@example.com,Male,187.133.168.30
663,Ozzie,Torrese,otorreseie@ask.com,Male,80.232.31.97
664,Adel,Toogood,atoogoodif@cpanel.net,Female,209.185.196.99
665,Hussein,Alphege,halphegeig@noaa.gov,Male,86.205.188.226
666,Alethea,Proppers,aproppersih@constantcontact.com,Female,253.155.106.115
667,Caron,Crone,ccroneii@blogspot.com,Female,13.79.243.66
668,Nixie,Richmond,nrichmondij@unicef.org,Female,192.13.211.116
669,Elsworth,de Zamora,edezamoraik@slideshare.net,Male,31.13.137.119
670,Frannie,Watting,fwattingil@discuz.net,Male,103.232.169.72
671,Marcille,Espinos,mespinosim@instagram.com,Female,205.161.186.207
672,Nicola,Gillingham,ngillinghamin@qq.com,Male,136.66.188.106
673,Yevette,McLeod,ymcleodio@ocn.ne.jp,Female,237.251.112.51
674,Hymie,Coggen,hcoggenip@vk.com,Male,23.17.114.27
675,Eveline,Gocke,egockeiq@npr.org,Female,130.137.195.220
676,Nickola,Dingivan,ndingivanir@lulu.com,Male,132.63.46.215
677,Christoper,Wildman,cwildmanis@java.com,Male,81.82.108.253
678,Ted,Catanheira,tcatanheirait@eventbrite.com,Male,93.87.42.150
679,Jorgan,Coote,jcooteiu@marketwatch.com,Male,179.94.205.191
680,Delphinia,Reeks,dreeksiv@1und1.de,Female,63.2.8.13
681,Justus,McGrirl,jmcgrirliw@purevolume.com,Male,231.0.247.99
682,Myrilla,Cowle,mcowleix@theguardian.com,Female,185.79.148.14
683,Gradey,Dyka,gdykaiy@comcast.net,Male,246.241.46.203
684,Symon,Brocking,sbrockingiz@csmonitor.com,Male,116.255.38.87
685,Tracie,Benoist,tbenoistj0@g.co,Male,179.12.119.64
686,Edmon,Massingham,emassinghamj1@usatoday.com,Male,218.142.9.109
687,Cris,Rennick,crennickj2@blogger.com,Male,212.46.129.142
688,Kayley,Chawner,kchawnerj3@studiopress.com,Female,138.248.191.86
689,Rolfe,Royson,rroysonj4@house.gov,Male,191.107.181.216
690,Anson,Ducarel,aducarelj5@google.ca,Male,168.108.31.240
691,Bendix,Drohun,bdrohunj6@yelp.com,Male,102.169.91.252
692,Jean,Luke,jlukej7@cyberchimps.com,Female,134.143.61.186
693,Eugenius,Gapper,egapperj8@kickstarter.com,Male,38.51.242.139
694,Drusi,Reichhardt,dreichhardtj9@biglobe.ne.jp,Female,147.225.124.170
695,Ricoriki,Keave,rkeaveja@digg.com,Male,246.114.158.100
696,Loy,Reisk,lreiskjb@topsy.com,Male,133.106.43.194
697,Janeczka,Starrs,jstarrsjc@ucoz.ru,Female,238.2.123.182
698,Janenna,Piola,jpiolajd@intel.com,Female,203.212.112.147
699,Devon,Shervington,dshervingtonje@cam.ac.uk,Female,66.54.6.57
700,Monique,Colston,mcolstonjf@cam.ac.uk,Female,156.181.36.181
701,Adelbert,McCutcheon,amccutcheonjg@paypal.com,Male,40.227.28.141
702,Vanya,Kittiman,vkittimanjh@china.com.cn,Male,15.194.21.0
703,Harmonie,Mottershaw,hmottershawji@cbsnews.com,Female,121.17.101.30
704,Maximilian,Seide,mseidejj@howstuffworks.com,Male,59.55.201.158
705,Hyacinth,Dwine,hdwinejk@homestead.com,Female,200.238.16.145
706,Nicholle,Kearns,nkearnsjl@mapy.cz,Female,200.131.114.172
707,Janenna,Volke,jvolkejm@typepad.com,Female,199.210.211.37
708,Patrice,Cud,pcudjn@com.com,Female,156.166.56.195
709,Ben,Hugnet,bhugnetjo@scribd.com,Male,135.123.149.109
710,Anderson,Grimstead,agrimsteadjp@ibm.com,Male,112.79.165.59
711,Sam,Baike,sbaikejq@sina.com.cn,Female,167.89.247.20
712,Sansone,Madner,smadnerjr@eepurl.com,Male,212.19.204.152
713,Angie,Fosten,afostenjs@admin.ch,Male,158.153.151.66
714,Mellie,Fontelles,mfontellesjt@4shared.com,Female,173.140.8.0
715,Rachelle,McMillan,rmcmillanju@hostgator.com,Female,216.159.201.1
716,Brook,Hagland,bhaglandjv@java.com,Male,54.37.38.242
717,Olenka,Shimmans,oshimmansjw@scientificamerican.com,Female,10.48.247.175
718,Haydon,Trigwell,htrigwelljx@theguardian.com,Male,97.214.115.108
719,Joshia,Jordon,jjordonjy@marketwatch.com,Male,208.254.141.80
720,Octavius,Pocock,opocockjz@merriam-webster.com,Male,180.167.236.188
721,Abbie,Spaducci,aspaduccik0@yahoo.co.jp,Female,175.69.142.239
722,Roch,Burford,rburfordk1@dot.gov,Female,2.121.163.240
723,Patrizius,Halesworth,phalesworthk2@canalblog.com,Male,240.152.113.60
724,Moe,Bowhey,mbowheyk3@gravatar.com,Male,112.110.178.42
725,Ward,Megainey,wmegaineyk4@cnet.com,Male,9.34.122.18
726,Julie,Gourdon,jgourdonk5@behance.net,Male,51.119.36.55
727,Bancroft,Gini,bginik6@ucsd.edu,Male,43.153.33.196
728,Randie,Spearman,rspearmank7@wikia.com,Male,89.87.228.233
729,Sollie,Dybell,sdybellk8@posterous.com,Male,121.225.90.7
730,Sancho,Barbie,sbarbiek9@flavors.me,Male,114.133.178.71
731,Gardner,Larner,glarnerka@statcounter.com,Male,199.198.127.38
732,Kalvin,Moorcroft,kmoorcroftkb@t.co,Male,143.29.243.99
733,Dulci,Macilhench,dmacilhenchkc@e-recht24.de,Female,252.236.176.214
734,Barbara,Venables,bvenableskd@timesonline.co.uk,Female,98.72.219.170
735,Nikos,Tolputt,ntolputtke@technorati.com,Male,48.109.47.141
736,Antonietta,Perrinchief,aperrinchiefkf@freewebs.com,Female,116.22.244.60
737,Elsey,Dixie,edixiekg@eventbrite.com,Female,250.88.249.96
738,Cad,Watson,cwatsonkh@nih.gov,Male,240.55.203.17
739,Etienne,Steketee,esteketeeki@xing.com,Male,113.9.239.223
740,Bevon,Remon,bremonkj@disqus.com,Male,193.166.24.14
741,Alphonso,Etridge,aetridgekk@gov.uk,Male,71.40.93.31
742,Shawn,Crownshaw,scrownshawkl@odnoklassniki.ru,Male,137.145.202.81
743,Burlie,Ponder,bponderkm@pagesperso-orange.fr,Male,213.25.47.251
744,Ferdie,Maudlen,fmaudlenkn@indiegogo.com,Male,1.206.59.91
745,Kassandra,Rudolfer,krudolferko@slashdot.org,Female,93.162.133.217
746,Nicole,Elcox,nelcoxkp@desdev.cn,Female,91.76.135.28
747,Edee,Ingry,eingrykq@samsung.com,Female,55.136.186.225
748,Nerty,Dallywater,ndallywaterkr@shinystat.com,Female,192.249.45.121
749,Robers,Hilary,rhilaryks@csmonitor.com,Male,65.154.103.57
750,Ofella,Doumenc,odoumenckt@free.fr,Female,134.186.252.193
751,Holden,Smillie,hsmillieku@amazon.co.uk,Male,65.202.62.7
752,Ermin,Lecky,eleckykv@chicagotribune.com,Male,217.37.218.255
753,Bryana,Tuckwell,btuckwellkw@ask.com,Female,143.251.194.19
754,Claiborne,Pevie,cpeviekx@google.pl,Male,142.54.227.108
755,Karin,Ritchley,kritchleyky@harvard.edu,Female,81.192.67.185
756,Davita,Beven,dbevenkz@ezinearticles.com,Female,71.120.196.116
757,Bogey,Jurek,bjurekl0@washington.edu,Male,23.156.188.237
758,Cathryn,Spalls,cspallsl1@princeton.edu,Female,36.127.161.32
759,Hanna,Tallach,htallachl2@noaa.gov,Female,202.72.89.96
760,Gawain,Pont,gpontl3@usda.gov,Male,28.108.255.28
761,Gabi,Nickolls,gnickollsl4@google.it,Female,232.32.173.234
762,Nance,Heathfield,nheathfieldl5@newsvine.com,Female,39.80.117.213
763,Myron,Eyre,meyrel6@liveinternet.ru,Male,224.26.237.189
764,Maurits,McOmish,mmcomishl7@bandcamp.com,Male,229.64.56.24
765,Fairfax,Laity,flaityl8@sfgate.com,Male,108.155.62.192
766,Patten,Masding,pmasdingl9@163.com,Male,213.60.19.121
767,Latrena,Karpf,lkarpfla@abc.net.au,Female,141.134.88.105
768,Fayina,Kirkebye,fkirkebyelb@woothemes.com,Female,174.167.96.14
769,Olive,Moryson,omorysonlc@mapquest.com,Female,43.21.147.228
770,Lawrence,Fayerbrother,lfayerbrotherld@hexun.com,Male,172.211.83.119
771,Winslow,Leydon,wleydonle@paginegialle.it,Male,124.117.242.239
772,Hilary,Markussen,hmarkussenlf@state.gov,Female,78.214.173.154
773,Berkley,McDermott,bmcdermottlg@wiley.com,Male,242.50.54.169
774,Courtney,Laughrey,claughreylh@unc.edu,Male,85.214.35.54
775,Korie,Lacasa,klacasali@phpbb.com,Female,1.180.167.52
776,Jess,Sharphurst,jsharphurstlj@about.com,Female,186.194.69.18
777,Denney,Goldstraw,dgoldstrawlk@nytimes.com,Male,210.232.93.0
778,Baron,Musterd,bmusterdll@noaa.gov,Male,142.74.234.186
779,Uri,Ruckhard,uruckhardlm@networksolutions.com,Male,227.29.199.71
780,Payton,Bathow,pbathowln@nytimes.com,Male,143.133.199.233
781,Grissel,Simons,gsimonslo@1und1.de,Female,32.42.191.221
782,Nat,Mottini,nmottinilp@twitter.com,Male,122.106.122.143
783,Pauly,Gurney,pgurneylq@yahoo.com,Male,50.103.13.215
784,Nigel,Barthelmes,nbarthelmeslr@comsenz.com,Male,170.52.239.70
785,Allyn,Klaus,aklausls@home.pl,Female,161.240.183.24
786,Teirtza,Luparti,tlupartilt@tamu.edu,Female,40.152.66.75
787,Misha,Mityashin,mmityashinlu@thetimes.co.uk,Female,166.235.11.244
788,Ashton,Frend,afrendlv@discuz.net,Male,34.186.145.120
789,Paddie,Grimestone,pgrimestonelw@latimes.com,Male,85.100.148.96
790,Mar,Suddaby,msuddabylx@mit.edu,Male,246.43.174.139
791,Madison,Boutton,mbouttonly@friendfeed.com,Male,255.142.213.250
792,Willy,Dorey,wdoreylz@ask.com,Male,149.133.108.56
793,Lorant,Ellerton,lellertonm0@youtube.com,Male,16.124.186.130
794,Rafaello,Aspray,raspraym1@nymag.com,Male,198.114.49.86
795,Pierette,Jedrzejewsky,pjedrzejewskym2@shareasale.com,Female,137.8.199.196
796,Mignon,Voisey,mvoiseym3@people.com.cn,Female,168.172.228.163
797,Fee,Spurgin,fspurginm4@independent.co.uk,Male,28.140.250.173
798,Sue,Stych,sstychm5@washington.edu,Female,24.199.223.238
799,Johan,Carthew,jcarthewm6@telegraph.co.uk,Male,20.111.17.132
800,Michele,Adamthwaite,madamthwaitem7@phpbb.com,Female,180.8.2.71
801,Isiahi,Cosens,icosensm8@si.edu,Male,31.92.200.126
802,Isabelle,Dovinson,idovinsonm9@wired.com,Female,11.191.54.115
803,Domingo,Weale,dwealema@php.net,Male,106.222.118.104
804,Berkley,Hobell,bhobellmb@java.com,Male,135.104.191.103
805,Caitlin,Methley,cmethleymc@nps.gov,Female,99.184.106.100
806,Virgilio,Phripp,vphrippmd@ezinearticles.com,Male,124.208.239.246
807,Bibi,Gannaway,bgannawayme@artisteer.com,Female,195.92.207.192
808,Craig,Casaro,ccasaromf@godaddy.com,Male,207.69.47.139
809,Mannie,Worden,mwordenmg@baidu.com,Male,77.125.123.205
810,Jeffrey,Lawee,jlaweemh@biglobe.ne.jp,Male,98.19.231.199
811,Jozef,Malter,jmaltermi@goodreads.com,Male,10.125.230.38
812,Bartie,Smedmore,bsmedmoremj@sourceforge.net,Male,205.180.145.227
813,Matilde,Lethbridge,mlethbridgemk@studiopress.com,Female,223.223.254.61
814,Geri,Archbell,garchbellml@issuu.com,Female,18.246.128.57
815,Brewster,Gladdor,bgladdormm@amazon.co.uk,Male,3.223.42.210
816,Tybi,Matyasik,tmatyasikmn@bizjournals.com,Female,44.7.170.9
817,Torrence,Londesborough,tlondesboroughmo@drupal.org,Male,135.153.135.36
818,Von,Crombleholme,vcrombleholmemp@themeforest.net,Male,217.178.72.34
819,Hernando,Lefort,hlefortmq@gov.uk,Male,30.42.0.0
820,Stanislas,Balasin,sbalasinmr@canalblog.com,Male,54.23.205.42
821,Eartha,Christoffersen,echristoffersenms@squidoo.com,Female,212.162.93.88
822,Fabien,Abell,fabellmt@unicef.org,Male,35.188.24.22
823,Sheff,Piddlehinton,spiddlehintonmu@addthis.com,Male,210.136.36.183
824,Edwina,Wollaston,ewollastonmv@opera.com,Female,174.169.175.5
825,Levin,Balleine,lballeinemw@ehow.com,Male,122.214.168.138
826,Judon,Mardlin,jmardlinmx@4shared.com,Male,254.11.215.112
827,Pavel,Aylmer,paylmermy@tumblr.com,Male,247.127.62.222
828,Joye,Hanson,jhansonmz@imdb.com,Female,169.82.145.133
829,Candi,Stit,cstitn0@microsoft.com,Female,30.73.57.108
830,Rich,Brusby,rbrusbyn1@goodreads.com,Male,41.63.181.121
831,Sherilyn,Ferrick,sferrickn2@dropbox.com,Female,182.155.200.48
832,Corney,Selvey,cselveyn3@flavors.me,Male,39.236.131.32
833,Stearn,Hyde-Chambers,shydechambersn4@google.com.hk,Male,89.56.10.61
834,Gwenni,Cantillion,gcantillionn5@taobao.com,Female,33.44.248.3
835,Sanford,Manssuer,smanssuern6@slideshare.net,Male,170.159.214.37
836,Minta,Esom,mesomn7@constantcontact.com,Female,91.200.192.182
837,Fredrick,Heamus,fheamusn8@xrea.com,Male,118.97.224.78
838,Jecho,Mecco,jmeccon9@bloglovin.com,Male,42.193.79.123
839,David,Hamprecht,dhamprechtna@exblog.jp,Male,98.100.74.55
840,Orel,Bradman,obradmannb@macromedia.com,Female,210.184.133.19
841,Holt,Cammomile,hcammomilenc@nih.gov,Male,88.11.50.158
842,Diana,Hussy,dhussynd@linkedin.com,Female,142.217.19.108
843,Aloise,Gosneye,agosneyene@discovery.com,Female,44.136.171.44
844,Margaret,Kilmister,mkilmisternf@google.com.au,Female,102.164.113.125
845,Lock,Shawyer,lshawyerng@ucla.edu,Male,144.132.125.83
846,Kent,Gipp,kgippnh@webmd.com,Male,60.162.102.238
847,Viki,Kearford,vkearfordni@myspace.com,Female,130.205.235.58
848,Fidela,Roots,frootsnj@google.cn,Female,32.96.98.41
849,Krishna,Sones,ksonesnk@yahoo.com,Male,83.144.206.97
850,Gallard,Gilgryst,ggilgrystnl@yandex.ru,Male,153.118.120.40
851,Luce,Trevance,ltrevancenm@moonfruit.com,Male,160.162.48.44
852,Elliott,Ioselevich,eioselevichnn@goo.ne.jp,Male,197.73.176.173
853,Flory,Pendered,fpenderedno@youtu.be,Female,162.248.127.216
854,Tucker,Swin,tswinnp@ftc.gov,Male,239.98.92.91
855,Maris,Maciaszek,mmaciaszeknq@nih.gov,Female,98.230.190.114
856,Raynell,Fosbraey,rfosbraeynr@mashable.com,Female,240.251.158.214
857,Talya,Ovenden,tovendenns@dedecms.com,Female,71.170.174.67
858,Devi,Velez,dveleznt@wikispaces.com,Female,28.231.156.255
859,Krishna,Wolfarth,kwolfarthnu@alexa.com,Male,103.15.154.111
860,Rodolfo,Shenfisch,rshenfischnv@apple.com,Male,247.171.167.77
861,Sidney,Matovic,smatovicnw@goo.gl,Male,164.16.95.230
862,Katuscha,Sirman,ksirmannx@ebay.co.uk,Female,3.195.241.118
863,Alvinia,Worboy,aworboyny@quantcast.com,Female,207.127.179.100
864,Turner,Mayho,tmayhonz@furl.net,Male,90.174.61.170
865,Ulrika,Cristofori,ucristoforio0@mac.com,Female,169.118.31.70
866,Rinaldo,Brazier,rbraziero1@cornell.edu,Male,66.232.103.174
867,Joela,Aharoni,jaharonio2@webeden.co.uk,Female,136.15.182.153
868,Verile,Gynn,vgynno3@geocities.com,Female,204.60.89.210
869,Alfredo,Pena,apenao4@themeforest.net,Male,48.215.243.100
870,Farleigh,Anthony,fanthonyo5@cisco.com,Male,216.15.34.253
871,Anestassia,Staniland,astanilando6@xing.com,Female,225.108.93.15
872,Byran,Glanert,bglanerto7@economist.com,Male,93.139.178.132
873,Bernhard,Kenwyn,bkenwyno8@home.pl,Male,47.239.241.176
874,Dalton,Raulston,draulstono9@digg.com,Male,100.122.6.125
875,Dave,Dalgety,ddalgetyoa@opera.com,Male,117.83.56.244
876,Arman,Furzer,afurzerob@example.com,Male,128.196.51.161
877,Duke,Cleyne,dcleyneoc@live.com,Male,55.232.77.39
878,Jocelyn,Brickwood,jbrickwoodod@myspace.com,Female,148.137.29.81
879,Leif,Edwardes,ledwardesoe@deviantart.com,Male,101.104.244.159
880,Bell,Bettenay,bbettenayof@sciencedaily.com,Female,127.15.157.45
881,Waldon,Blondel,wblondelog@typepad.com,Male,43.143.22.80
882,Flynn,Lomen,flomenoh@omniture.com,Male,59.16.198.0
883,Saundra,Norgate,snorgateoi@over-blog.com,Male,178.155.246.158
884,Oliver,Selwyn,oselwynoj@senate.gov,Male,96.42.105.215
885,Winthrop,Stolli,wstolliok@phpbb.com,Male,154.47.29.0
886,Lindy,Wormald,lwormaldol@sciencedaily.com,Male,62.202.185.214
887,Nanny,Winger,nwingerom@gizmodo.com,Female,18.234.61.62
888,Leena,Seeviour,lseeviouron@illinois.edu,Female,50.104.58.131
889,Tann,Hawkes,thawkesoo@hexun.com,Male,52.15.251.18
890,Kaine,Jarrold,kjarroldop@technorati.com,Male,144.33.107.186
891,Gerry,Pozzi,gpozzioq@flavors.me,Female,8.202.30.242
892,Dav,Studdeard,dstuddeardor@ucla.edu,Male,95.199.29.51
893,Jojo,Wotton,jwottonos@slashdot.org,Female,20.235.14.171
894,Zara,Aitken,zaitkenot@xrea.com,Female,179.175.97.251
895,Xylia,Hallas,xhallasou@cocolog-nifty.com,Female,217.35.74.113
896,Grata,Josuweit,gjosuweitov@howstuffworks.com,Female,132.36.80.186
897,Zed,Podmore,zpodmoreow@mac.com,Male,143.229.129.38
898,Felipa,Sedgefield,fsedgefieldox@chronoengine.com,Female,132.15.142.115
899,Michaelina,Petlyura,mpetlyuraoy@csmonitor.com,Female,203.164.141.93
900,Cheslie,Lotwich,clotwichoz@alibaba.com,Female,157.205.59.57
901,Sunny,Goane,sgoanep0@wunderground.com,Male,35.190.174.75
902,Mallory,Kas,mkasp1@indiatimes.com,Male,130.136.68.53
903,Kristel,Treeby,ktreebyp2@quantcast.com,Female,254.187.111.249
904,Adah,Wainwright,awainwrightp3@archive.org,Female,86.78.90.76
905,Beatriz,Aspital,baspitalp4@netvibes.com,Female,101.9.116.77
906,Arlie,Richter,arichterp5@nps.gov,Female,201.182.229.114
907,Chris,Juhruke,cjuhrukep6@dedecms.com,Female,117.39.153.1
908,Sigismundo,Itzkovwich,sitzkovwichp7@unicef.org,Male,138.59.22.175
909,Danny,Venard,dvenardp8@virginia.edu,Male,73.231.194.222
910,Abel,Puve,apuvep9@nsw.gov.au,Male,95.108.246.234
911,Dawn,Buscher,dbuscherpa@opensource.org,Female,171.66.62.106
912,Gabe,Yearns,gyearnspb@google.com.au,Male,161.173.18.59
913,Alexine,Gloster,aglosterpc@constantcontact.com,Female,200.214.78.59
914,Linet,Watters,lwatterspd@nasa.gov,Female,67.145.135.121
915,Nona,Steen,nsteenpe@dailymotion.com,Female,79.111.186.188
916,Pete,Catton,pcattonpf@bing.com,Male,66.61.146.124
917,Bartholomeus,Easter,beasterpg@lycos.com,Male,245.42.230.248
918,Yetty,Millin,ymillinph@jugem.jp,Female,152.231.1.22
919,Korry,Rocco,kroccopi@yelp.com,Female,228.115.140.229
920,Daniele,Eteen,deteenpj@telegraph.co.uk,Female,240.43.68.39
921,Elspeth,Izakof,eizakofpk@posterous.com,Female,137.112.182.225
922,Elmer,Rowswell,erowswellpl@si.edu,Male,30.59.227.184
923,Babette,Confait,bconfaitpm@nytimes.com,Female,234.24.174.139
924,Farlee,Slimings,fslimingspn@topsy.com,Male,26.122.188.27
925,Sydney,Berrygun,sberrygunpo@cbsnews.com,Male,130.49.102.236
926,Norean,Habercham,nhaberchampp@bloglines.com,Female,69.93.50.28
927,Anatole,Teeney,ateeneypq@vimeo.com,Male,123.215.32.151
928,Gallard,Marshalleck,gmarshalleckpr@etsy.com,Male,132.143.217.183
929,Almeda,Fitzjohn,afitzjohnps@imgur.com,Female,231.97.70.194
930,Mattias,Rosenfeld,mrosenfeldpt@nhs.uk,Male,174.191.68.90
931,Ulric,Eassom,ueassompu@devhub.com,Male,213.169.240.137
932,Weston,Hollyard,whollyardpv@xing.com,Male,142.83.82.246
933,Bondon,Lillico,blillicopw@ow.ly,Male,132.252.97.75
934,Prudi,MacDermot,pmacdermotpx@house.gov,Female,104.103.117.173
935,Gabe,Kedward,gkedwardpy@springer.com,Male,85.177.123.23
936,Perry,Issatt,pissattpz@dailymail.co.uk,Male,248.231.135.115
937,Rube,Swayton,rswaytonq0@cocolog-nifty.com,Male,195.194.115.239
938,Jess,Gooble,jgoobleq1@dailymail.co.uk,Female,100.23.56.199
939,Lennard,Branca,lbrancaq2@youku.com,Male,133.163.4.177
940,Ulrich,Legister,ulegisterq3@yandex.ru,Male,135.7.213.81
941,Mitchel,Monkleigh,mmonkleighq4@constantcontact.com,Male,146.41.20.22
942,Durand,Pointon,dpointonq5@spiegel.de,Male,181.142.63.67
943,Ruprecht,Elcock,relcockq6@redcross.org,Male,175.220.228.200
944,Cyrill,Blakeney,cblakeneyq7@cbslocal.com,Male,14.188.140.208
945,Betti,Bathersby,bbathersbyq8@a8.net,Female,82.130.218.122
946,Minerva,Gillooly,mgilloolyq9@dedecms.com,Female,253.252.61.3
947,Bendix,Porson,bporsonqa@jigsy.com,Male,209.135.131.87
948,Miran,Langthorne,mlangthorneqb@cnet.com,Female,226.8.120.206
949,Fred,Winser,fwinserqc@discuz.net,Male,96.128.147.8
950,Budd,Slograve,bslograveqd@latimes.com,Male,248.247.172.7
951,Tan,Iacopini,tiacopiniqe@tiny.cc,Male,102.21.252.109
952,Alva,Kidby,akidbyqf@stanford.edu,Male,56.4.79.132
953,Garvy,Domino,gdominoqg@princeton.edu,Male,229.175.98.119
954,Selle,Espasa,sespasaqh@amazon.de,Female,192.242.16.187
955,Ailee,Avraham,aavrahamqi@mediafire.com,Female,116.10.126.9
956,Dennison,Daubeny,ddaubenyqj@topsy.com,Male,125.135.216.241
957,Rosalinda,Hardan,rhardanqk@wufoo.com,Female,113.214.125.28
958,Kippie,Farnsworth,kfarnsworthql@topsy.com,Male,205.196.193.231
959,Kip,McGraffin,kmcgraffinqm@yahoo.com,Female,147.68.76.250
960,Bentley,McCarrison,bmccarrisonqn@homestead.com,Male,3.142.119.115
961,Pamella,Burgyn,pburgynqo@studiopress.com,Female,127.82.73.27
962,Lazarus,Zelner,lzelnerqp@wp.com,Male,59.101.167.196
963,Nikkie,O'Growgane,nogrowganeqq@gov.uk,Female,96.240.201.175
964,Steward,Burkin,sburkinqr@amazonaws.com,Male,101.107.218.109
965,Sayre,Plumbe,splumbeqs@home.pl,Male,172.25.78.147
966,Shurwood,Anderl,sanderlqt@free.fr,Male,241.20.66.87
967,Joella,Hatherley,jhatherleyqu@chicagotribune.com,Female,76.104.67.60
968,Pier,Hardwich,phardwichqv@diigo.com,Female,222.225.99.255
969,Miles,Paylor,mpaylorqw@aol.com,Male,227.33.58.142
970,Brittani,Tribell,btribellqx@miibeian.gov.cn,Female,144.80.114.153
971,Vernice,Hackford,vhackfordqy@ow.ly,Female,196.20.12.43
972,Sarine,Catling,scatlingqz@fda.gov,Female,38.88.17.59
973,Iseabal,Mollitt,imollittr0@woothemes.com,Female,48.214.47.128
974,Toby,Bastistini,tbastistinir1@rakuten.co.jp,Female,148.219.223.224
975,Ezri,Normanell,enormanellr2@theglobeandmail.com,Male,175.30.34.57
976,Clevie,Longfut,clongfutr3@google.it,Male,16.44.174.202
977,Sergent,Hoolaghan,shoolaghanr4@pen.io,Male,201.28.172.215
978,Binnie,Kemmer,bkemmerr5@shinystat.com,Female,77.89.226.30
979,Regan,Ughini,rughinir6@netscape.com,Male,243.86.19.73
980,Heriberto,Pummery,hpummeryr7@scientificamerican.com,Male,245.124.147.65
981,Price,Saenz,psaenzr8@squarespace.com,Male,178.21.167.142
982,Elva,Zamora,ezamorar9@cornell.edu,Female,9.58.100.219
983,Adler,Milsted,amilstedra@sun.com,Male,233.16.52.248
984,Corbet,Josey,cjoseyrb@japanpost.jp,Male,78.110.179.131
985,Cory,Meneghi,cmeneghirc@telegraph.co.uk,Male,191.32.74.137
986,Seward,Kinrade,skinraderd@uol.com.br,Male,190.62.120.55
987,Dorolice,Cavozzi,dcavozzire@ibm.com,Female,96.129.70.169
988,Tawsha,Haly,thalyrf@boston.com,Female,67.36.31.12
989,Jamey,Girling,jgirlingrg@deviantart.com,Male,12.91.114.17
990,Denice,Stileman,dstilemanrh@msn.com,Female,8.155.56.67
991,Inger,Maplethorp,imaplethorpri@mlb.com,Male,29.136.77.220
992,Jasmina,Prickett,jprickettrj@vk.com,Female,173.209.130.27
993,Nona,Palethorpe,npalethorperk@yahoo.co.jp,Female,179.76.35.91
994,Palm,Meyrick,pmeyrickrl@multiply.com,Male,211.69.43.165
995,Zed,Cherrison,zcherrisonrm@hatena.ne.jp,Male,189.140.38.197
996,Glad,Wrotchford,gwrotchfordrn@wired.com,Female,235.177.224.160
997,Luce,Frail,lfrailro@arstechnica.com,Female,50.108.192.42
998,Xymenes,McCafferty,xmccaffertyrp@upenn.edu,Male,89.26.199.33
999,Freddie,Cotes,fcotesrq@weebly.com,Male,211.116.102.162
1000,Tate,Acott,tacottrr@bravesites.com,Male,216.153.81.158
